{"cameraMode":{"drawMode":0,"name":"Shaded","section":"Shading Mode"},"sceneLighting":true,"audioPlay":false,"sceneViewState":{"showFog":true,"showMaterialUpdate":false,"showSkybox":true,"showFlares":true,"showImageEffects":true,"showParticleSystems":true},"in2DMode":false,"pivot":{"x":3.266551971435547,"y":-2.972412109375,"z":-8.4873046875},"rotation":{"x":-0.15311048924922944,"y":-0.8468860983848572,"z":0.35736674070358279,"w":-0.36280882358551028},"size":3.1528494358062746,"orthographic":true}