{"cameraMode":{"drawMode":0,"name":"Shaded","section":"Shading Mode"},"sceneLighting":false,"audioPlay":false,"sceneViewState":{"showFog":true,"showMaterialUpdate":false,"showSkybox":true,"showFlares":true,"showImageEffects":true,"showParticleSystems":true},"in2DMode":false,"pivot":{"x":2.1463000774383547,"y":-2.9800000190734865,"z":-4.395500183105469},"rotation":{"x":-0.4800645411014557,"y":-0.5199176073074341,"z":0.4979535937309265,"w":-0.5012644529342651},"size":0.12558697164058686,"orthographic":true}