{"cameraMode":{"drawMode":0,"name":"Shaded","section":"Shading Mode"},"sceneLighting":true,"audioPlay":false,"sceneViewState":{"showFog":true,"showMaterialUpdate":false,"showSkybox":true,"showFlares":true,"showImageEffects":true,"showParticleSystems":true},"in2DMode":false,"pivot":{"x":-0.07470703125,"y":-2.1728515625,"z":-6.7049560546875},"rotation":{"x":0.16686175763607026,"y":0.5947331190109253,"z":-0.127882182598114,"w":0.7759483456611633},"size":4.535750389099121,"orthographic":true}