{"cameraMode":{"drawMode":0,"name":"Shaded","section":"Shading Mode"},"sceneLighting":true,"audioPlay":false,"sceneViewState":{"showFog":true,"showMaterialUpdate":false,"showSkybox":true,"showFlares":true,"showImageEffects":true,"showParticleSystems":true},"in2DMode":false,"pivot":{"x":2.262200355529785,"y":-3.436063289642334,"z":-6.631124019622803},"rotation":{"x":-0.2412237823009491,"y":-0.6844785213470459,"z":0.2590470612049103,"w":-0.6373342275619507},"size":16.48773193359375,"orthographic":false}