{"cameraMode":{"drawMode":0,"name":"Shaded","section":"Shading Mode"},"sceneLighting":false,"audioPlay":false,"sceneViewState":{"showFog":true,"showMaterialUpdate":false,"showSkybox":true,"showFlares":true,"showImageEffects":true,"showParticleSystems":true},"in2DMode":false,"pivot":{"x":1.9429999589920045,"y":-3.0209999084472658,"z":-6.252999782562256},"rotation":{"x":0.3059033453464508,"y":0.6358746886253357,"z":-0.30388322472572329,"w":0.6401105523109436},"size":2.9125514030456545,"orthographic":true}