{"cameraMode":{"drawMode":0,"name":"Shaded","section":"Shading Mode"},"sceneLighting":true,"audioPlay":false,"sceneViewState":{"showFog":true,"showMaterialUpdate":false,"showSkybox":true,"showFlares":true,"showImageEffects":true,"showParticleSystems":true},"in2DMode":false,"pivot":{"x":2.089576244354248,"y":-5.864534378051758,"z":-8.305177688598633},"rotation":{"x":-0.2926865518093109,"y":-0.6175711750984192,"z":0.26585516333580019,"w":-0.6798980832099915},"size":8.486072540283204,"orthographic":false}