{"cameraMode":{"drawMode":0,"name":"Shaded","section":"Shading Mode"},"sceneLighting":false,"audioPlay":false,"sceneViewState":{"showFog":true,"showMaterialUpdate":false,"showSkybox":true,"showFlares":true,"showImageEffects":true,"showParticleSystems":true},"in2DMode":false,"pivot":{"x":2.1463000774383547,"y":-2.9800000190734865,"z":-4.395500183105469},"rotation":{"x":-0.11716078221797943,"y":-0.7532146573066711,"z":0.13964805006980897,"w":-0.6320121884346008},"size":0.12558697164058686,"orthographic":true}