{"cameraMode":{"drawMode":0,"name":"Shaded","section":"Shading Mode"},"sceneLighting":true,"audioPlay":false,"sceneViewState":{"showFog":true,"showMaterialUpdate":false,"showSkybox":true,"showFlares":true,"showImageEffects":true,"showParticleSystems":true},"in2DMode":false,"pivot":{"x":10.400251388549805,"y":-95.1789321899414,"z":-7.230688095092773},"rotation":{"x":-0.2462102621793747,"y":-0.7455952763557434,"z":0.4970691502094269,"w":-0.36931082606315615},"size":9.773019790649414,"orthographic":false}