{"cameraMode":{"drawMode":0,"name":"Shaded","section":"Shading Mode"},"sceneLighting":true,"audioPlay":false,"sceneViewState":{"showFog":true,"showMaterialUpdate":false,"showSkybox":true,"showFlares":true,"showImageEffects":true,"showParticleSystems":true},"in2DMode":false,"pivot":{"x":0.20068359375,"y":-1.84423828125,"z":-6.96337890625},"rotation":{"x":-0.07342274487018585,"y":-0.9240670204162598,"z":0.2983587384223938,"w":-0.22735759615898133},"size":3.2502307891845705,"orthographic":true}