{"cameraMode":{"drawMode":0,"name":"Shaded","section":"Shading Mode"},"sceneLighting":true,"audioPlay":false,"sceneViewState":{"showFog":true,"showMaterialUpdate":false,"showSkybox":true,"showFlares":true,"showImageEffects":true,"showParticleSystems":true},"in2DMode":false,"pivot":{"x":0.6163818836212158,"y":-5.96673583984375,"z":-5.402347564697266},"rotation":{"x":0.36888787150382998,"y":0.6062391996383667,"z":-0.3748684525489807,"w":0.5965479612350464},"size":13.262532234191895,"orthographic":true}