{"cameraMode":{"drawMode":0,"name":"Shaded","section":"Shading Mode"},"sceneLighting":true,"audioPlay":false,"sceneViewState":{"showFog":true,"showMaterialUpdate":false,"showSkybox":true,"showFlares":true,"showImageEffects":true,"showParticleSystems":true},"in2DMode":false,"pivot":{"x":-2.613826274871826,"y":-2.014636754989624,"z":-3.5595450401306154},"rotation":{"x":-0.3372836410999298,"y":-0.6258466839790344,"z":0.3441794216632843,"w":-0.6132669448852539},"size":4.309917449951172,"orthographic":true}